DATE,USD.EUR,USD.GBP,USD.CNY,USD.JPY
1/28/2013,1.3459,1.5686,6.224,90.73
1/29/2013,1.3484,1.5751,6.2259,90.65
1/30/2013,1.3564,1.5793,6.2204,91.05
1/31/2013,1.3584,1.5856,6.2186,91.28
2/1/2013,1.3692,1.5744,6.2265,92.54
2/4/2013,1.3527,1.5737,6.2326,92.57
2/5/2013,1.3569,1.5652,6.2292,93.34
2/6/2013,1.3528,1.5655,6.2315,93.56
2/7/2013,1.3382,1.5712,6.2323,93.24
2/8/2013,1.3366,1.5814,6.2323,92.72
2/11/2013,1.3414,1.5668,6.2323,93.44
2/12/2013,1.345,1.5654,6.2323,93.14
2/13/2013,1.3448,1.5544,6.2323,93.39
2/14/2013,1.3334,1.5502,6.2323,93.1
2/15/2013,1.3362,1.5518,6.2323,93.64
2/19/2013,1.3387,1.5432,6.2438,93.54
2/20/2013,1.335,1.5301,6.2371,93.53
2/21/2013,1.3204,1.5263,6.2403,92.96
2/22/2013,1.3166,1.5256,6.2346,93.35
2/25/2013,1.3172,1.5112,6.2337,93.35
2/26/2013,1.3054,1.5125,6.2293,91.38
2/27/2013,1.3104,1.5134,6.2271,91.88
2/28/2013,1.3079,1.5192,6.2213,92.36
3/1/2013,1.2988,1.5033,6.2226,93.38
3/4/2013,1.2996,1.5084,6.2246,93.32
3/5/2013,1.3019,1.5098,6.2208,93.39
3/6/2013,1.299,1.5036,6.2173,93.64
3/7/2013,1.3098,1.5032,6.22,95
3/8/2013,1.2992,1.4926,6.2145,96
3/11/2013,1.3014,1.4898,6.2179,96.12
3/12/2013,1.3023,1.4877,6.216,95.96
3/13/2013,1.2949,1.4925,6.2137,96
3/14/2013,1.2974,1.5039,6.2145,96.16
3/15/2013,1.3076,1.5124,6.2133,95.26
3/18/2013,1.2956,1.5113,6.2156,94.92
3/19/2013,1.2888,1.5118,6.2154,94.85
3/20/2013,1.295,1.5133,6.2117,95.51
3/21/2013,1.2928,1.518,6.2141,95.06
3/22/2013,1.2996,1.5239,6.212,94.48
3/25/2013,1.2881,1.5184,6.2105,94.34
3/26/2013,1.2858,1.5156,6.2108,94.22
3/27/2013,1.2782,1.5112,6.2138,94.38
3/28/2013,1.2842,1.5184,6.2143,94.02
3/29/2013,1.2816,1.5193,6.2108,94.16
4/1/2013,1.2857,1.5232,6.2078,93.3
4/2/2013,1.2836,1.5113,6.1992,93.43
4/3/2013,1.2847,1.514,6.1962,92.96
4/4/2013,1.2854,1.5198,6.2005,96.12
4/5/2013,1.3027,1.5336,6.2005,96.86
4/8/2013,1.3008,1.5257,6.2031,98.9
4/9/2013,1.3092,1.5317,6.2022,99.02
4/10/2013,1.306,1.5315,6.1938,99.61
4/11/2013,1.3124,1.5403,6.1961,99.42
4/12/2013,1.3094,1.5373,6.1914,98.98
4/15/2013,1.3082,1.532,6.1866,98
4/16/2013,1.3141,1.5316,6.1824,97.86
4/17/2013,1.3049,1.5255,6.172,97.74
4/18/2013,1.3072,1.5282,6.1811,98.22
4/19/2013,1.3066,1.5254,6.1772,99.28
4/22/2013,1.305,1.5262,6.1823,99.29
4/23/2013,1.3012,1.5267,6.179,99.43
4/24/2013,1.2997,1.5258,6.1782,99.39
4/25/2013,1.3004,1.5434,6.1707,99.42
4/26/2013,1.3024,1.5479,6.1647,97.84
4/29/2013,1.309,1.5497,6.1647,98.09
4/30/2013,1.3168,1.5539,6.1647,97.52
5/1/2013,1.3192,1.5578,6.1647,97.28
5/2/2013,1.3066,1.5519,6.156,97.96
5/3/2013,1.3112,1.5563,6.1555,99.1
5/6/2013,1.3067,1.5538,6.1665,99.35
5/7/2013,1.3085,1.5468,6.1539,99
5/8/2013,1.3177,1.5563,6.141,98.9
5/9/2013,1.3105,1.5502,6.1306,99.29
5/10/2013,1.2955,1.5334,6.1415,101.74
5/13/2013,1.2981,1.5291,6.1465,101.84
5/14/2013,1.2969,1.5258,6.1426,102.18
5/15/2013,1.2857,1.5198,6.1454,102.44
5/16/2013,1.2898,1.5302,6.1487,102.22
5/17/2013,1.2818,1.5173,6.141,102.98
5/20/2013,1.2865,1.5223,6.1386,102.54
5/21/2013,1.291,1.517,6.1353,102.36
5/22/2013,1.2864,1.5038,6.1309,103.52
5/23/2013,1.2944,1.512,6.1337,101.66
5/24/2013,1.292,1.5126,6.1311,100.98
5/28/2013,1.287,1.5061,6.1213,102.07
5/29/2013,1.2944,1.5121,6.1264,100.91
5/30/2013,1.3042,1.5207,6.1307,101.06
5/31/2013,1.2988,1.5185,6.134,100.83
6/3/2013,1.3098,1.5349,6.1312,99.18
6/4/2013,1.3075,1.5304,6.1285,100.15
6/5/2013,1.3088,1.5392,6.1276,99.16
6/6/2013,1.3248,1.5601,6.1359,97.76
6/7/2013,1.3242,1.5558,6.1333,97.2
6/10/2013,1.3234,1.5556,6.1333,98.88
6/11/2013,1.3278,1.5587,6.1333,96.82
6/12/2013,1.3354,1.5697,6.1333,95.36
6/13/2013,1.3314,1.5698,6.1341,94.29
6/14/2013,1.333,1.5686,6.1306,94.34
6/17/2013,1.3341,1.5709,6.1248,94.87
6/18/2013,1.3407,1.5625,6.1283,95.2
6/19/2013,1.3404,1.5657,6.1264,95.22
6/20/2013,1.3214,1.5469,6.1277,98.18
6/21/2013,1.3113,1.5373,6.1328,97.48
6/24/2013,1.3091,1.5404,6.1441,97.7
6/25/2013,1.308,1.5418,6.1448,97.87
6/26/2013,1.3006,1.5332,6.1468,97.43
6/27/2013,1.3016,1.5235,6.1488,98.4
6/28/2013,1.301,1.521,6.1374,99.21
7/1/2013,1.306,1.5247,6.1325,99.62
7/2/2013,1.3017,1.5171,6.1327,100.43
7/3/2013,1.3005,1.5264,6.1301,99.82
7/5/2013,1.2831,1.491,6.1324,100.94
7/8/2013,1.2863,1.4932,6.1337,101.07
7/9/2013,1.2774,1.4837,6.1293,101.08
7/10/2013,1.2846,1.4935,6.1336,100.1
7/11/2013,1.3046,1.5127,6.135,98.8
7/12/2013,1.3048,1.5108,6.1373,99.39
7/15/2013,1.3039,1.5088,6.1373,100.04
7/16/2013,1.3144,1.5122,6.1345,99.37
7/17/2013,1.3094,1.5184,6.1351,99.7
7/18/2013,1.3078,1.5193,6.1408,100.6
7/19/2013,1.3142,1.526,6.1377,100.3
7/22/2013,1.3193,1.5366,6.1404,99.6
7/23/2013,1.3212,1.5354,6.1369,99.76
7/24/2013,1.3228,1.5367,6.1358,100.21
7/25/2013,1.3234,1.5333,6.1346,99.56
7/26/2013,1.3269,1.5368,6.1316,98.24
7/29/2013,1.3262,1.5355,6.1323,97.8
7/30/2013,1.3266,1.5244,6.1315,98.02
7/31/2013,1.3282,1.5177,6.1284,98.35
8/1/2013,1.3217,1.5145,6.1302,99.3
8/2/2013,1.3268,1.5277,6.1293,99.04
8/5/2013,1.3257,1.5347,6.1245,98.54
8/6/2013,1.3296,1.5367,6.1215,97.85
8/7/2013,1.3329,1.5514,6.119,96.72
8/8/2013,1.3392,1.5555,6.1207,96.03
8/9/2013,1.3338,1.5507,6.1217,96.24
8/12/2013,1.3312,1.5475,6.1218,96.44
8/13/2013,1.3247,1.5451,6.1217,98.06
8/14/2013,1.3256,1.5531,6.1191,98.15
8/15/2013,1.3263,1.5573,6.1123,97.81
8/16/2013,1.3321,1.5621,6.1145,97.6
8/19/2013,1.3348,1.5665,6.1227,97.94
8/20/2013,1.3426,1.5678,6.1241,97.12
8/21/2013,1.3368,1.5678,6.1229,97.66
8/22/2013,1.3362,1.558,6.1206,98.53
8/23/2013,1.3392,1.5578,6.12,98.57
8/26/2013,1.3369,1.5568,6.1202,98.64
8/27/2013,1.3387,1.5528,6.1212,97.3
8/28/2013,1.3326,1.552,6.1202,97.65
8/29/2013,1.3228,1.5488,6.1203,98.46
8/30/2013,1.3196,1.5468,6.1193,98.22
9/3/2013,1.3164,1.5544,6.1204,99.43
9/4/2013,1.3212,1.5643,6.1199,99.61
9/5/2013,1.312,1.5593,6.1194,100.08
9/6/2013,1.3166,1.5633,6.1202,99.04
9/9/2013,1.326,1.5724,6.1209,99.55
9/10/2013,1.326,1.5731,6.1195,100.22
9/11/2013,1.3301,1.5807,6.1183,100.08
9/12/2013,1.3315,1.5819,6.1178,99.24
9/13/2013,1.3276,1.5861,6.1186,99.38
9/16/2013,1.335,1.5927,6.1198,98.98
9/17/2013,1.3357,1.5901,6.1213,99.16
9/18/2013,1.3351,1.5965,6.121,99.04
9/19/2013,1.3527,1.6043,6.121,99.33
9/20/2013,1.3522,1.6021,6.121,99.38
9/23/2013,1.352,1.6066,6.1201,98.76
9/24/2013,1.349,1.6006,6.1208,98.76
9/25/2013,1.3536,1.608,6.119,98.62
9/26/2013,1.3484,1.6012,6.1194,98.95
9/27/2013,1.3537,1.6135,6.1179,98.3
9/30/2013,1.3535,1.6179,6.12,98.29
10/1/2013,1.3534,1.6208,6.12,98.05
10/2/2013,1.3592,1.6224,6.12,97.36
10/3/2013,1.3642,1.6169,6.12,97.08
10/4/2013,1.3582,1.6069,6.12,97.2
10/7/2013,1.3569,1.6082,6.12,97.02
10/8/2013,1.3582,1.6089,6.1206,96.94
10/9/2013,1.3513,1.5943,6.1209,97.23
10/10/2013,1.3535,1.5975,6.1156,98.09
10/11/2013,1.3559,1.5945,6.1204,98.42
10/15/2013,1.3494,1.5974,6.1026,98.58
10/16/2013,1.349,1.5904,6.0996,98.9
10/17/2013,1.3664,1.6166,6.098,97.85
10/18/2013,1.3693,1.6184,6.0966,97.77
10/21/2013,1.3672,1.6149,6.0924,98.14
10/22/2013,1.3778,1.6221,6.0925,98.18
10/23/2013,1.3786,1.6171,6.0833,97.28
10/24/2013,1.381,1.6186,6.0815,97.36
10/25/2013,1.3794,1.6158,6.0838,97.46
10/28/2013,1.3786,1.6131,6.0853,97.7
10/29/2013,1.377,1.6059,6.0897,98.09
10/30/2013,1.3771,1.6078,6.0936,98.14
10/31/2013,1.3594,1.6068,6.0943,98.1
11/1/2013,1.3488,1.5922,6.0993,98.78
11/4/2013,1.3516,1.595,6.098,98.62
11/5/2013,1.347,1.6044,6.0966,98.6
11/6/2013,1.353,1.608,6.0925,98.6
11/7/2013,1.339,1.6069,6.0906,98.56
11/8/2013,1.3357,1.5995,6.0903,99.03
11/12/2013,1.3428,1.5916,6.0917,99.65
11/13/2013,1.3456,1.6033,6.0926,99.31
11/14/2013,1.3468,1.6077,6.092,99.93
11/15/2013,1.348,1.6107,6.092,100.17
11/18/2013,1.352,1.611,6.0918,100.04
11/19/2013,1.3529,1.611,6.0924,100.14
11/20/2013,1.3451,1.615,6.0925,100.02
11/21/2013,1.347,1.6155,6.0914,100.95
11/22/2013,1.3547,1.6211,6.0935,101.29
11/25/2013,1.3502,1.6146,6.0916,101.7
11/26/2013,1.3555,1.6187,6.0925,101.38
11/27/2013,1.3563,1.6267,6.0922,102.18
11/29/2013,1.3606,1.6373,6.0922,102.45
12/2/2013,1.3552,1.6365,6.0927,103.04
12/3/2013,1.3604,1.6416,6.0914,102.36
12/4/2013,1.3555,1.6352,6.0913,102.48
12/5/2013,1.3664,1.6328,6.0903,101.82
12/6/2013,1.369,1.6327,6.0815,102.88
12/9/2013,1.3726,1.6403,6.0643,103.22
12/10/2013,1.3765,1.6424,6.0705,102.8
12/11/2013,1.3798,1.6389,6.0712,102.38
12/12/2013,1.3752,1.6326,6.071,103.11
12/13/2013,1.3724,1.6294,6.071,103.28
12/16/2013,1.3757,1.6311,6.0713,102.91
12/17/2013,1.3748,1.6254,6.0707,102.63
12/18/2013,1.3766,1.6388,6.0713,103.18
12/19/2013,1.3666,1.6382,6.0711,104.16
12/20/2013,1.3673,1.6355,6.0711,104.07
12/23/2013,1.3701,1.6356,6.0697,104.06
12/24/2013,1.3676,1.6371,6.0712,104.26
12/26/2013,1.369,1.6425,6.0744,104.72
12/27/2013,1.3766,1.6491,6.0684,105.05
12/30/2013,1.3816,1.6522,6.0617,105
12/31/2013,1.3779,1.6574,6.0537,105.25
1/2/2014,1.367,1.6441,6.0504,104.84
1/3/2014,1.3606,1.6424,6.0505,104.46
1/6/2014,1.3636,1.6412,6.0524,104.38
1/7/2014,1.3618,1.6421,6.0507,104.54
1/8/2014,1.3586,1.6461,6.051,104.87
1/9/2014,1.3591,1.6459,6.054,104.74
1/10/2014,1.3664,1.647,6.0519,104.06
1/13/2014,1.3647,1.6379,6.0432,103.31
1/14/2014,1.3682,1.645,6.0402,103.8
1/15/2014,1.3604,1.6375,6.0459,104.42
1/16/2014,1.36,1.6335,6.0555,104.32
1/17/2014,1.3554,1.6429,6.05,104.32
1/21/2014,1.356,1.6469,6.0503,104.14
1/22/2014,1.3546,1.6571,6.0508,104.36
1/23/2014,1.368,1.6612,6.0515,103.65
1/24/2014,1.368,1.6491,6.0486,102.41
1/27/2014,1.3679,1.6588,6.0478,102.26
1/28/2014,1.3662,1.6581,6.0506,102.8
1/29/2014,1.3663,1.6561,6.0554,102.2
1/30/2014,1.3549,1.6487,6.06,102.83
1/31/2014,1.35,1.645,6.059,102.28
2/3/2014,1.3523,1.6307,6.06,101.11
2/4/2014,1.3507,1.63,6.06,101.62
2/5/2014,1.3519,1.6308,6.06,101.38
2/6/2014,1.3604,1.6345,6.06,101.84
2/7/2014,1.3614,1.6395,6.0629,102.32
2/10/2014,1.3644,1.6419,6.0591,102.14
2/11/2014,1.3654,1.6468,6.0601,102.63
2/12/2014,1.3592,1.6578,6.0614,102.48
2/13/2014,1.3669,1.6643,6.0631,102.2
2/14/2014,1.369,1.6736,6.0666,101.82
2/18/2014,1.3758,1.6696,6.0671,102.31
2/19/2014,1.3762,1.6718,6.0762,102.3
2/20/2014,1.369,1.664,6.0832,102.32
2/21/2014,1.3722,1.663,6.0912,102.71
2/24/2014,1.3744,1.6641,6.0982,102.44
2/25/2014,1.3749,1.6696,6.1243,102.2
2/26/2014,1.3668,1.6648,6.1243,102.36
2/27/2014,1.3724,1.6693,6.1279,102.12
2/28/2014,1.3806,1.675,6.1448,102.08
3/3/2014,1.3763,1.6712,6.146,101.36
3/4/2014,1.3731,1.6665,6.143,102.18
3/5/2014,1.3734,1.6729,6.128,102.32
3/6/2014,1.3848,1.6743,6.1183,103.03
3/7/2014,1.3868,1.6725,6.1258,103.38
3/10/2014,1.388,1.6633,6.1383,103.23
3/11/2014,1.3867,1.6628,6.1397,103.18
3/12/2014,1.3904,1.6605,6.1448,102.74
3/13/2014,1.3927,1.6677,6.1359,102.12
3/14/2014,1.3924,1.663,6.15,101.46
3/17/2014,1.3927,1.6645,6.1779,101.62
3/18/2014,1.3913,1.6574,6.1918,101.37
3/19/2014,1.391,1.6629,6.1934,101.54
3/20/2014,1.3784,1.6511,6.2273,102.39
3/21/2014,1.3783,1.6498,6.2248,102.38
3/24/2014,1.3784,1.6491,6.1956,102.21
3/25/2014,1.3777,1.6507,6.201,102.32
3/26/2014,1.3786,1.6566,6.2084,102.3
3/27/2014,1.3752,1.6627,6.2123,102.1
3/28/2014,1.3753,1.6637,6.2117,102.92
3/31/2014,1.3777,1.6675,6.2164,102.98
4/1/2014,1.3804,1.6639,6.2064,103.52
4/2/2014,1.3761,1.6634,6.2054,103.82
4/3/2014,1.3708,1.6583,6.2102,103.94
4/4/2014,1.3704,1.6594,6.2118,103.39
4/7/2014,1.3745,1.6616,6.2118,103.04
4/8/2014,1.3802,1.6743,6.1966,102.12
4/9/2014,1.3816,1.6751,6.2003,101.85
4/10/2014,1.3892,1.6781,6.2123,101.43
4/11/2014,1.3898,1.6736,6.2111,101.56
4/14/2014,1.3824,1.6741,6.2186,101.81
4/15/2014,1.3806,1.6725,6.2215,101.6
4/16/2014,1.382,1.6794,6.2204,102.3
4/17/2014,1.3832,1.6809,6.2188,102.22
4/18/2014,1.3816,1.6792,6.224,102.43
4/21/2014,1.379,1.6792,6.2269,102.56
4/22/2014,1.3804,1.6833,6.2373,102.6
4/23/2014,1.3814,1.6768,6.2374,102.26
4/24/2014,1.3828,1.6797,6.2484,102.34
4/25/2014,1.3838,1.681,6.2534,102.12
4/28/2014,1.3844,1.6812,6.252,102.46
4/29/2014,1.3808,1.6829,6.2578,102.57
4/30/2014,1.387,1.6883,6.2591,102.14
5/1/2014,1.3867,1.69,6.2591,102.3
5/2/2014,1.3864,1.6865,6.2591,102.34
5/5/2014,1.3884,1.687,6.2453,102.06
5/6/2014,1.3924,1.6976,6.2255,101.57
5/7/2014,1.3917,1.6964,6.2349,101.72
5/8/2014,1.3864,1.6944,6.2272,101.66
5/9/2014,1.3763,1.6849,6.227,101.74
5/12/2014,1.376,1.6871,6.2364,102.1
5/13/2014,1.3711,1.6838,6.2283,102.2
5/14/2014,1.3718,1.6784,6.2282,101.75
5/15/2014,1.3712,1.6791,6.2291,101.44
5/16/2014,1.3708,1.6827,6.2327,101.5
5/19/2014,1.3716,1.6822,6.2368,101.26
5/20/2014,1.3702,1.6847,6.2377,101.26
5/21/2014,1.3657,1.6869,6.2335,101.44
5/22/2014,1.3652,1.6859,6.2348,101.76
5/23/2014,1.3628,1.6822,6.2363,101.88
5/27/2014,1.3618,1.68,6.2471,102.14
5/28/2014,1.3596,1.6709,6.2535,101.78
5/29/2014,1.3608,1.6719,6.2375,101.58
5/30/2014,1.364,1.6764,6.2471,101.77
6/2/2014,1.3606,1.6756,6.2471,102.3
6/3/2014,1.3624,1.6753,6.2536,102.42
6/4/2014,1.3619,1.6747,6.2494,102.69
6/5/2014,1.3618,1.6796,6.2548,102.44
6/6/2014,1.3639,1.6794,6.2498,102.5
6/9/2014,1.3589,1.6798,6.2397,102.52
6/10/2014,1.3543,1.6753,6.224,102.37
6/11/2014,1.3532,1.6795,6.2277,101.94
6/12/2014,1.3556,1.6853,6.2175,101.83
6/13/2014,1.3522,1.6953,6.209,102.06
6/16/2014,1.3578,1.6988,6.225,101.82
6/17/2014,1.3543,1.6965,6.2263,102.18
6/18/2014,1.3567,1.6951,6.2309,102.16
6/19/2014,1.362,1.7046,6.2287,101.84
6/20/2014,1.3586,1.7014,6.224,102.14
6/23/2014,1.3593,1.701,6.225,101.9
6/24/2014,1.3588,1.6971,6.2308,102.13
6/25/2014,1.3638,1.6986,6.2343,101.75
6/26/2014,1.361,1.7018,6.2235,101.66
6/27/2014,1.3631,1.7016,6.218,101.39
6/30/2014,1.369,1.7105,6.2036,101.28
7/1/2014,1.3681,1.7147,6.1995,101.51
7/2/2014,1.3656,1.7165,6.2101,101.76
7/3/2014,1.361,1.7152,6.2115,102.19
7/7/2014,1.3604,1.7128,6.2036,101.84
7/8/2014,1.3614,1.7127,6.201,101.53
7/9/2014,1.363,1.713,6.1994,101.7
7/10/2014,1.36,1.7122,6.2023,101.26
7/11/2014,1.3598,1.7108,6.2034,101.33
7/14/2014,1.362,1.7079,6.2059,101.58
7/15/2014,1.3573,1.7149,6.2075,101.62
7/16/2014,1.353,1.7131,6.2035,101.69
7/17/2014,1.353,1.7104,6.2033,101.3
7/18/2014,1.3515,1.7069,6.2075,101.37
7/21/2014,1.3524,1.7067,6.2088,101.34
7/22/2014,1.347,1.7058,6.2025,101.54
7/23/2014,1.3462,1.7036,6.1982,101.5
7/24/2014,1.3468,1.6981,6.1944,101.82
7/25/2014,1.3431,1.6972,6.1913,101.81
7/28/2014,1.344,1.6991,6.187,101.82
7/29/2014,1.341,1.6939,6.18,102.12
7/30/2014,1.3378,1.6903,6.1712,102.9
7/31/2014,1.339,1.6889,6.1737,102.75
8/1/2014,1.3436,1.6832,6.1793,102.45
8/4/2014,1.3414,1.6841,6.178,102.47
8/5/2014,1.3366,1.6874,6.1705,102.77
8/6/2014,1.3355,1.6833,6.1625,102.34
8/7/2014,1.3362,1.6849,6.1618,102.06
8/8/2014,1.3412,1.6778,6.1557,101.91
8/11/2014,1.3385,1.6787,6.1528,102.14
8/12/2014,1.3357,1.6806,6.1575,102.22
8/13/2014,1.3367,1.6696,6.1531,102.48
8/14/2014,1.3376,1.6694,6.1575,102.44
8/15/2014,1.3392,1.6686,6.147,102.19
8/18/2014,1.3358,1.672,6.1425,102.54
8/19/2014,1.332,1.662,6.1425,102.86
8/20/2014,1.3284,1.6633,6.1395,103.36
8/21/2014,1.3284,1.6589,6.151,103.78
8/22/2014,1.3237,1.6574,6.151,103.97
8/25/2014,1.3206,1.6585,6.154,103.96
8/26/2014,1.3189,1.657,6.1522,104.12
8/27/2014,1.3192,1.6573,6.143,103.98
8/28/2014,1.3178,1.6579,6.1423,103.78
8/29/2014,1.315,1.6585,6.143,104
9/2/2014,1.3124,1.6502,6.148,105.1
9/3/2014,1.3136,1.6451,6.1408,104.88
9/4/2014,1.2926,1.6349,6.1383,105.22
9/5/2014,1.2956,1.6312,6.14,104.94
9/8/2014,1.2948,1.6141,6.14,105.65
9/9/2014,1.2909,1.6088,6.1362,106.32
9/10/2014,1.2908,1.6134,6.1284,106.76
9/11/2014,1.2936,1.6225,6.1295,106.87
9/12/2014,1.2955,1.6243,6.1344,107.24
9/15/2014,1.2951,1.6243,6.1415,107.18
9/16/2014,1.2976,1.629,6.1459,106.91
9/17/2014,1.2958,1.6329,6.1385,107.58
9/18/2014,1.2913,1.6372,6.14,108.69
9/19/2014,1.2835,1.6314,6.1403,108.96
9/22/2014,1.2829,1.634,6.14,108.88
9/23/2014,1.2858,1.637,6.1368,108.82
9/24/2014,1.2788,1.6344,6.1346,108.92
9/25/2014,1.2748,1.6313,6.1355,108.7
9/26/2014,1.2686,1.6254,6.1266,109.32
9/29/2014,1.2703,1.6262,6.1495,109.34
9/30/2014,1.2628,1.622,6.138,109.66
10/1/2014,1.2618,1.6216,6.138,109.3
10/2/2014,1.267,1.614,6.138,108.1
10/3/2014,1.2517,1.5962,6.1385,109.7
10/6/2014,1.2592,1.6029,6.1385,109.08
10/7/2014,1.2626,1.6072,6.1385,108.3
10/8/2014,1.2683,1.6068,6.1385,108.41
10/9/2014,1.2683,1.6123,6.1299,108
10/10/2014,1.2636,1.6049,6.1308,107.83
10/14/2014,1.266,1.593,6.125,107.15
10/15/2014,1.2778,1.5959,6.1249,106.06
10/16/2014,1.2812,1.6065,6.123,105.98
10/17/2014,1.2755,1.6086,6.1238,106.72
10/20/2014,1.2783,1.6137,6.1233,106.87
10/21/2014,1.2724,1.6134,6.1205,106.7
10/22/2014,1.2658,1.607,6.118,107.32
10/23/2014,1.2658,1.6037,6.119,108.16
10/24/2014,1.2675,1.6098,6.1168,108.06
10/27/2014,1.2712,1.6133,6.116,107.71
10/28/2014,1.2747,1.6157,6.113,108
10/29/2014,1.2762,1.6149,6.1107,108.1
10/30/2014,1.2622,1.6023,6.114,108.94
10/31/2014,1.253,1.5999,6.1124,112.09
11/3/2014,1.2487,1.5986,6.1178,113.92
11/4/2014,1.2554,1.5991,6.115,113.44
11/5/2014,1.2488,1.5984,6.1135,114.62
11/6/2014,1.2414,1.5862,6.1117,114.87
11/7/2014,1.2422,1.5844,6.1225,114.73
11/10/2014,1.2425,1.5857,6.119,114.78
11/12/2014,1.2456,1.5815,6.1257,115.42
11/13/2014,1.2476,1.5717,6.1243,115.63
11/14/2014,1.2494,1.5657,6.129,116.52
11/17/2014,1.2447,1.5645,6.1242,116.44
11/18/2014,1.2534,1.5648,6.1208,116.76
11/19/2014,1.2548,1.567,6.119,117.7
11/20/2014,1.2526,1.5683,6.123,118.14
11/21/2014,1.2394,1.5672,6.1244,117.74
11/24/2014,1.2427,1.5701,6.1412,118.39
11/25/2014,1.2472,1.5714,6.1355,117.99
11/26/2014,1.2503,1.5787,6.1386,117.6
11/28/2014,1.2438,1.5638,6.1429,118.7
12/1/2014,1.249,1.5743,6.1515,118.14
12/2/2014,1.239,1.5651,6.149,119.1
12/3/2014,1.2304,1.57,6.1499,119.82
12/4/2014,1.2432,1.5707,6.1541,119.67
12/5/2014,1.2304,1.56,6.1497,121.38
12/8/2014,1.2292,1.5625,6.1725,120.89
12/9/2014,1.2415,1.5694,6.1855,118.87
12/10/2014,1.2425,1.5689,6.1763,118.5
12/11/2014,1.2397,1.5712,6.1881,119.4
12/12/2014,1.2484,1.5728,6.1864,118.22
12/15/2014,1.247,1.5663,6.19,117.75
12/16/2014,1.2504,1.5736,6.189,117.28
12/17/2014,1.2406,1.5652,6.1957,117.64
12/18/2014,1.2291,1.5662,6.2139,118.84
12/19/2014,1.2235,1.5609,6.2196,119.56
12/22/2014,1.2252,1.5618,6.2213,119.84
12/23/2014,1.218,1.5517,6.2256,120.68
12/24/2014,1.2188,1.5549,6.2148,120.45
12/29/2014,1.2179,1.5524,6.2222,120.57
12/30/2014,1.2174,1.5573,6.2015,119.34
12/31/2014,1.2101,1.5578,6.2046,119.85
1/2/2015,1.2015,1.5361,6.2046,120.2
1/5/2015,1.1918,1.5234,6.2201,119.64
1/6/2015,1.1936,1.5174,6.2125,118.26
1/7/2015,1.182,1.5073,6.2127,119.52
1/8/2015,1.1811,1.5118,6.2143,119.51
1/9/2015,1.183,1.5151,6.2085,118.66
1/12/2015,1.1832,1.5168,6.2027,118.32
1/13/2015,1.1779,1.5166,6.197,118.16
1/14/2015,1.1806,1.5234,6.1957,116.78
1/15/2015,1.1598,1.5161,6.187,116.95
1/16/2015,1.1517,1.5132,6.2065,117.45
1/20/2015,1.1559,1.5162,6.2137,118.48
1/21/2015,1.1584,1.5118,6.2112,117.86
1/22/2015,1.1414,1.5052,6.2085,117.92
1/23/2015,1.1279,1.5022,6.2279,117.8
1/26/2015,1.129,1.5088,6.2535,118.38
1/27/2015,1.137,1.5196,6.243,117.62
1/28/2015,1.1342,1.5165,6.2475,117.74
1/29/2015,1.1308,1.5043,6.2463,118.31
1/30/2015,1.129,1.5026,6.2495,117.44
2/2/2015,1.1337,1.5027,6.2594,117.33
2/3/2015,1.1462,1.5129,6.2573,117.48
2/4/2015,1.1418,1.5209,6.2472,117.58
2/5/2015,1.1432,1.5293,6.2516,117.4
2/6/2015,1.133,1.5247,6.2417,119.16
2/9/2015,1.1316,1.5217,6.2467,118.7
2/10/2015,1.1316,1.5252,6.2405,119.32
2/11/2015,1.13,1.5232,6.2422,120.38
2/12/2015,1.141,1.538,6.244,118.72
2/13/2015,1.1408,1.5394,6.2399,118.7
2/17/2015,1.1395,1.5349,6.2546,118.99
2/18/2015,1.1342,1.543,6.2546,119.19
2/19/2015,1.1392,1.5451,6.2546,118.84
2/20/2015,1.1372,1.5385,6.2546,118.68
2/23/2015,1.1346,1.5465,6.2546,118.88
2/24/2015,1.1307,1.5434,6.2546,119.13
2/25/2015,1.1363,1.5499,6.2591,118.88
2/26/2015,1.1212,1.5424,6.2584,119.36
2/27/2015,1.1197,1.5439,6.2695,119.72
3/2/2015,1.119,1.5371,6.272,120.06
3/3/2015,1.1212,1.5391,6.2741,119.47
3/4/2015,1.107,1.5266,6.2701,119.76
3/5/2015,1.1006,1.5229,6.2658,120.22
3/6/2015,1.0855,1.5063,6.262,120.93
3/9/2015,1.0846,1.5097,6.2635,121.17
3/10/2015,1.0707,1.5086,6.2615,121.2
3/11/2015,1.0576,1.4945,6.2613,121.5
3/12/2015,1.0615,1.4907,6.2614,121.28
3/13/2015,1.0524,1.4755,6.2585,121.17
3/16/2015,1.0575,1.48,6.262,121.3
3/17/2015,1.0605,1.4744,6.249,121.28
3/18/2015,1.0643,1.4686,6.2289,120.92
3/19/2015,1.0621,1.4729,6.1955,120.9
3/20/2015,1.0792,1.4923,6.2037,120.28
3/23/2015,1.0928,1.4936,6.2135,119.74
3/24/2015,1.0908,1.487,6.2046,119.9
3/25/2015,1.0986,1.4915,6.2116,119.37
3/26/2015,1.0919,1.4844,6.2103,119.01
3/27/2015,1.0891,1.4878,6.2145,119.15
3/30/2015,1.0818,1.4792,6.2065,120.11
3/31/2015,1.0741,1.485,6.199,119.96
4/1/2015,1.0768,1.4823,6.1976,119.62
4/2/2015,1.0874,1.4842,6.1968,119.74
4/3/2015,1.099,1.4916,6.193,118.96
4/6/2015,1.1008,1.4959,6.193,119.05
4/7/2015,1.085,1.4857,6.1955,120.36
4/8/2015,1.0818,1.4924,6.202,119.96
4/9/2015,1.0671,1.4739,6.205,120.32
4/10/2015,1.0598,1.4648,6.2082,120.29
4/13/2015,1.0582,1.4658,6.2152,120.32
4/14/2015,1.0672,1.479,6.2113,119.26
4/15/2015,1.0596,1.4782,6.2037,119.23
4/16/2015,1.0742,1.4923,6.1947,119.18
4/17/2015,1.078,1.4942,6.1976,119.02
4/20/2015,1.0763,1.4913,6.2014,119.27
4/21/2015,1.0758,1.4944,6.201,119.45
4/22/2015,1.0729,1.5027,6.1927,119.9
4/23/2015,1.0803,1.5047,6.1975,119.69
4/24/2015,1.0876,1.5176,6.193,118.98
4/27/2015,1.0892,1.5235,6.2185,119.12
4/28/2015,1.0979,1.5328,6.2035,118.8
4/29/2015,1.1174,1.5485,6.1989,118.83
4/30/2015,1.1162,1.5328,6.2018,119.86
5/1/2015,1.1194,1.5137,6.2018,120.21
5/4/2015,1.1145,1.5118,6.2085,120.25
5/5/2015,1.1174,1.5178,6.2058,119.87
5/6/2015,1.1345,1.5244,6.2001,119.42
5/7/2015,1.1283,1.5223,6.2063,119.74
5/8/2015,1.1241,1.5455,6.2084,119.78
5/11/2015,1.1142,1.5593,6.2086,120.05
5/12/2015,1.124,1.5685,6.2086,119.8
5/13/2015,1.1372,1.5748,6.2043,119.09
5/14/2015,1.1368,1.5766,6.2013,119.2
5/15/2015,1.1428,1.5772,6.2051,119.36
5/18/2015,1.1354,1.5679,6.2041,119.82
5/19/2015,1.1151,1.5523,6.2064,120.58
5/20/2015,1.1079,1.5544,6.2036,121.28
5/21/2015,1.1126,1.5672,6.1958,121.06
5/22/2015,1.1033,1.5484,6.1972,121.45
5/26/2015,1.0876,1.5398,6.2038,123.08
5/27/2015,1.0888,1.5324,6.2011,123.76
5/28/2015,1.0914,1.5291,6.2002,124.18
5/29/2015,1.0994,1.5286,6.198,123.98
6/1/2015,1.0913,1.5187,6.1985,124.64
6/2/2015,1.113,1.5331,6.198,124.19
6/3/2015,1.1285,1.5351,6.1976,124.06
6/4/2015,1.1271,1.5367,6.2006,124.56
6/5/2015,1.1108,1.5267,6.2024,125.58
6/8/2015,1.1232,1.528,6.2053,125.08
6/9/2015,1.1284,1.5383,6.2047,124.16
6/10/2015,1.1307,1.553,6.2055,122.72
6/11/2015,1.1236,1.5493,6.2065,123.62
6/12/2015,1.1278,1.5587,6.2081,123.23
6/15/2015,1.1266,1.5572,6.208,123.38
6/16/2015,1.1238,1.5637,6.2085,123.39
6/17/2015,1.1244,1.5708,6.2086,124.25
6/18/2015,1.1404,1.5882,6.2075,122.87
6/19/2015,1.1335,1.5881,6.2085,122.7
6/22/2015,1.1378,1.5823,6.2085,123.28
6/23/2015,1.119,1.5751,6.2066,123.71
6/24/2015,1.1178,1.5681,6.2061,124.24
6/25/2015,1.1196,1.5728,6.2084,123.63
6/26/2015,1.1156,1.5739,6.208,123.92
6/29/2015,1.118,1.5764,6.2085,122.5
6/30/2015,1.1154,1.5727,6.2,122.1
7/1/2015,1.1084,1.5617,6.2008,123.02
7/2/2015,1.109,1.5614,6.2044,123.14
7/6/2015,1.1076,1.5619,6.2089,122.53
7/7/2015,1.0952,1.5443,6.2097,122.16
7/8/2015,1.1072,1.5353,6.2087,120.54
7/9/2015,1.1025,1.5375,6.2086,121.22
7/10/2015,1.115,1.5503,6.2092,122.75
7/13/2015,1.102,1.5518,6.2081,123.35
7/14/2015,1.1015,1.5584,6.2088,123.39
7/15/2015,1.0965,1.5621,6.2082,123.89
7/16/2015,1.0898,1.5601,6.2094,124.04
7/17/2015,1.0848,1.5624,6.2085,124
7/20/2015,1.085,1.5587,6.2095,124.24
7/21/2015,1.0927,1.555,6.2095,123.93
7/22/2015,1.0884,1.5617,6.2093,124.08
7/23/2015,1.0976,1.5533,6.2091,123.88
7/24/2015,1.0976,1.5514,6.2095,123.74
7/27/2015,1.1112,1.5595,6.2091,123.24
7/28/2015,1.1055,1.5617,6.2084,123.52
7/29/2015,1.1026,1.5624,6.2089,123.86
7/30/2015,1.0914,1.5581,6.2096,124.38
7/31/2015,1.1028,1.5634,6.2097,123.94
8/3/2015,1.0962,1.5603,6.2087,123.98
8/4/2015,1.0953,1.5612,6.2086,124
8/5/2015,1.0868,1.5604,6.2096,124.84
8/6/2015,1.0922,1.5521,6.2096,124.6
8/7/2015,1.0958,1.5467,6.2087,124.27
8/10/2015,1.0994,1.5546,6.2094,124.55
8/11/2015,1.1042,1.5572,6.3232,124.9
8/12/2015,1.1198,1.5639,6.3845,123.87
8/13/2015,1.1144,1.5595,6.3982,124.32
8/14/2015,1.111,1.5625,6.3908,124.27
8/17/2015,1.1078,1.5598,6.3937,124.33
8/18/2015,1.1028,1.5658,6.3928,124.39
8/19/2015,1.1061,1.5645,6.3956,124.1
8/20/2015,1.12,1.5688,6.3875,123.54
8/21/2015,1.1356,1.5698,6.3887,122.11
8/24/2015,1.158,1.5731,6.4029,118.56
8/25/2015,1.141,1.5698,6.4122,119.91
8/26/2015,1.139,1.5493,6.4083,119.07
8/27/2015,1.1239,1.5411,6.4053,120.89
8/28/2015,1.1172,1.5362,6.389,121.32
8/31/2015,1.1194,1.5363,6.376,121.26
9/1/2015,1.1263,1.5341,6.363,119.94
9/2/2015,1.1242,1.531,6.3544,120
9/3/2015,1.1104,1.5254,6.3549,120.2
9/4/2015,1.1117,1.5195,6.3549,119.05
9/8/2015,1.1182,1.5381,6.3657,119.72
9/9/2015,1.1165,1.5363,6.3768,120.94
9/10/2015,1.1262,1.5457,6.377,120.71
9/11/2015,1.1338,1.5426,6.3735,120.66
9/14/2015,1.1307,1.5423,6.3664,119.92
9/15/2015,1.126,1.5352,6.3685,120.3
9/16/2015,1.1304,1.5499,6.3694,120.62
9/17/2015,1.1312,1.5509,6.3645,120.9
9/18/2015,1.1358,1.5573,6.3628,119.85
9/21/2015,1.1204,1.5506,6.3676,120.46
9/22/2015,1.1133,1.5356,6.375,120.04
9/23/2015,1.116,1.5243,6.3836,120.12
9/24/2015,1.1252,1.5254,6.3818,119.54
9/25/2015,1.1192,1.5172,6.3737,120.74
9/28/2015,1.1236,1.5208,6.3685,119.82
9/29/2015,1.1246,1.5168,6.3621,119.76
9/30/2015,1.1162,1.5116,6.3556,119.81
10/1/2015,1.12,1.5162,6.3559,119.58
10/2/2015,1.1276,1.5216,6.3559,119.42
10/5/2015,1.12,1.5165,6.3559,120.36
10/6/2015,1.1266,1.5227,6.3559,120.18
10/7/2015,1.1249,1.5315,6.3559,119.9
10/8/2015,1.1282,1.5316,6.3529,119.94
10/9/2015,1.1363,1.5315,6.345,120.3
10/13/2015,1.1382,1.5242,6.3417,119.8
10/14/2015,1.1437,1.5445,6.3462,119.21
10/15/2015,1.1418,1.5475,6.3459,118.26
10/16/2015,1.136,1.5441,6.3523,119.6
10/19/2015,1.132,1.5471,6.3591,119.5
10/20/2015,1.1359,1.547,6.348,119.79
10/21/2015,1.1345,1.5463,6.3487,119.91
10/22/2015,1.114,1.5399,6.3577,120.5
10/23/2015,1.1016,1.534,6.3488,121.2
10/26/2015,1.1051,1.5361,6.3517,120.87
10/27/2015,1.1052,1.5312,6.3517,120.29
10/28/2015,1.1066,1.5319,6.3581,120.56
10/29/2015,1.0963,1.5296,6.3552,121.14
10/30/2015,1.1042,1.5445,6.318,120.7
11/2/2015,1.1026,1.5428,6.318,120.7
11/3/2015,1.0946,1.5404,6.318,121.2
11/4/2015,1.0861,1.5377,6.3357,121.52
11/5/2015,1.0869,1.5236,6.318,121.71
11/6/2015,1.0746,1.5071,6.318,123.2
11/9/2015,1.0767,1.5124,6.3619,123.04
11/10/2015,1.0686,1.511,6.3603,123.22
11/12/2015,1.0768,1.5206,6.369,122.84
11/13/2015,1.0722,1.5208,6.3735,122.93
11/16/2015,1.0708,1.5204,6.37,123.11
11/17/2015,1.0634,1.5214,6.3771,123.48
11/18/2015,1.0638,1.521,6.3834,123.51
11/19/2015,1.0746,1.5327,6.3825,122.71
11/20/2015,1.066,1.5199,6.3835,122.8
11/23/2015,1.0602,1.5125,6.389,123.02
11/24/2015,1.0652,1.5057,6.3883,122.47
11/25/2015,1.0616,1.5109,6.3877,122.7
11/27/2015,1.0596,1.504,6.3945,122.84
11/30/2015,1.0562,1.5044,6.3883,123.22
12/1/2015,1.062,1.5074,6.3883,122.88
12/2/2015,1.0573,1.4927,6.3883,123.52
12/3/2015,1.0902,1.5088,6.3883,123.06
12/4/2015,1.0884,1.51,6.3883,123.1
12/7/2015,1.084,1.5076,6.4081,123.31
12/8/2015,1.0876,1.5,6.4162,123
12/9/2015,1.0984,1.5168,6.427,121.86
12/10/2015,1.0948,1.5176,6.4363,121.44
12/11/2015,1.1002,1.5213,6.4538,120.94
12/14/2015,1.1025,1.513,6.4588,120.57
12/15/2015,1.0911,1.5044,6.46,121.66
12/16/2015,1.0937,1.5013,6.4723,121.88
12/17/2015,1.0804,1.4876,6.4822,122.75
12/18/2015,1.0847,1.4914,6.48,121.2
12/21/2015,1.092,1.4906,6.4793,120.99
12/22/2015,1.0978,1.4811,6.4778,120.94
12/23/2015,1.0875,1.4863,6.4763,120.94
12/24/2015,1.0955,1.4943,6.4758,120.32
12/28/2015,1.0983,1.4883,6.4778,120.3
12/29/2015,1.0916,1.4794,6.4778,120.44
12/30/2015,1.0912,1.4832,6.4896,120.6
12/31/2015,1.0859,1.4746,6.4778,120.27
1/4/2016,1.0803,1.4686,6.5338,119.3
1/5/2016,1.0743,1.4664,6.5219,118.95
1/6/2016,1.0762,1.4626,6.5554,118.54
1/7/2016,1.086,1.4579,6.5926,118
1/8/2016,1.0885,1.4523,6.5932,117.74
1/11/2016,1.0878,1.4564,6.5675,117.48
1/12/2016,1.0837,1.4403,6.57,117.78
1/13/2016,1.0862,1.447,6.57,118.06
1/14/2016,1.0862,1.4409,6.5891,118.03
1/15/2016,1.0964,1.4289,6.584,116.78
1/19/2016,1.0906,1.4171,6.5783,117.66
1/20/2016,1.0908,1.4167,6.5781,116.38
1/21/2016,1.0833,1.4198,6.5794,117.61
1/22/2016,1.0814,1.4308,6.5788,118.37
1/25/2016,1.0832,1.4245,6.579,118.55
1/26/2016,1.0846,1.4342,6.5814,118.5
1/27/2016,1.0867,1.4261,6.5773,118.9
1/28/2016,1.0952,1.4351,6.5744,118.61
1/29/2016,1.0832,1.4184,6.5752,121.05
2/1/2016,1.0888,1.4367,6.5778,121.06
2/2/2016,1.0908,1.4399,6.5795,120.27
2/3/2016,1.1051,1.4576,6.5765,117.92
2/4/2016,1.1199,1.458,6.5638,116.75
2/5/2016,1.1131,1.4468,6.571,116.99
2/8/2016,1.117,1.4415,6.571,115.7
2/9/2016,1.13,1.4473,6.571,114.8
2/10/2016,1.1222,1.4473,6.571,114.03
2/11/2016,1.1362,1.4448,6.571,111.72
2/12/2016,1.1235,1.446,6.571,112.96
2/16/2016,1.114,1.429,6.5154,113.9
2/17/2016,1.114,1.4317,6.527,114.14
2/18/2016,1.1092,1.4333,6.5163,113.62
2/19/2016,1.1127,1.4343,6.5202,112.42
2/22/2016,1.1018,1.4157,6.5197,113.12
2/23/2016,1.1016,1.404,6.5263,112.17
2/24/2016,1.1021,1.3932,6.529,111.36
2/25/2016,1.1026,1.3937,6.532,112.7
2/26/2016,1.0932,1.3867,6.539,113.78
2/29/2016,1.0868,1.3926,6.5525,112.9
3/1/2016,1.0847,1.3948,6.55,113.94
3/2/2016,1.0845,1.4059,6.5499,113.81
3/3/2016,1.0948,1.4152,6.5312,113.53
3/4/2016,1.101,1.4226,6.5064,113.91
3/7/2016,1.1004,1.4256,6.5155,113.6
3/8/2016,1.1028,1.4225,6.5044,112.58
3/9/2016,1.1022,1.4236,6.5105,113.06
3/10/2016,1.1162,1.4306,6.507,113.1
3/11/2016,1.118,1.4426,6.494,113.66
3/14/2016,1.1107,1.4324,6.4984,113.59
3/15/2016,1.1112,1.4166,6.511,112.88
3/16/2016,1.1075,1.41,6.5189,113.69
3/17/2016,1.1316,1.449,6.4745,111.3
3/18/2016,1.1292,1.4514,6.4682,111.38
3/21/2016,1.126,1.4402,6.4812,111.62
3/22/2016,1.1228,1.4217,6.4876,111.82
3/23/2016,1.1174,1.4111,6.5035,112.63
3/24/2016,1.1163,1.4143,6.5124,112.64
3/25/2016,1.1164,1.4131,6.5131,113.05
3/28/2016,1.121,1.425,6.5051,113.29
3/29/2016,1.1204,1.4281,6.5063,113.33
3/30/2016,1.133,1.439,6.4648,112.6
3/31/2016,1.139,1.4381,6.448,112.42
4/1/2016,1.1385,1.4204,6.4776,112.06
4/4/2016,1.1386,1.4279,6.4776,111.18
4/5/2016,1.1374,1.4149,6.476,110.26
4/6/2016,1.143,1.4162,6.478,109.63
4/7/2016,1.1386,1.4082,6.4599,107.98
4/8/2016,1.1406,1.4105,6.4628,108.36
4/11/2016,1.1412,1.424,6.458,107.96
4/12/2016,1.1395,1.4244,6.4639,108.54
4/13/2016,1.1281,1.4223,6.4768,109.21
4/14/2016,1.1262,1.4148,6.481,109.2
4/15/2016,1.1295,1.4217,6.473,108.76
4/18/2016,1.1322,1.4276,6.4717,108.85
4/19/2016,1.1375,1.4396,6.4571,109.16
4/20/2016,1.133,1.4375,6.4675,109.51
4/21/2016,1.1301,1.4338,6.481,109.41
4/22/2016,1.1239,1.439,6.5004,111.5
4/25/2016,1.1274,1.4492,6.49,111.08
4/26/2016,1.1318,1.4611,6.4905,111.23
4/27/2016,1.1322,1.4554,6.494,111.26
4/28/2016,1.1325,1.4581,6.4735,108.55
4/29/2016,1.1441,1.4625,6.4738,106.9
5/2/2016,1.1516,1.4666,6.4738,106.48
5/3/2016,1.1508,1.4543,6.49,106.34
5/4/2016,1.1486,1.4475,6.4945,107.12
5/5/2016,1.1404,1.4486,6.5032,107.32
5/6/2016,1.1421,1.4439,6.497,106.66
5/9/2016,1.1402,1.4409,6.514,108.39
5/10/2016,1.1386,1.4454,6.515,109.22
5/11/2016,1.1444,1.448,6.491,108.48
5/12/2016,1.138,1.4452,6.514,108.73
5/13/2016,1.1294,1.4369,6.5285,109.14
5/16/2016,1.1328,1.4411,6.5184,108.89
5/17/2016,1.1337,1.4485,6.517,109.02
5/18/2016,1.1276,1.4615,6.537,109.65
5/19/2016,1.1214,1.4608,6.544,109.81
5/20/2016,1.1207,1.4513,6.5485,110.52
5/23/2016,1.1192,1.4444,6.5533,109.47
5/24/2016,1.1145,1.4623,6.5552,110
5/25/2016,1.1154,1.4694,6.5538,110.22
5/26/2016,1.1184,1.4673,6.554,109.74
5/27/2016,1.114,1.4644,6.5615,109.86
5/31/2016,1.1135,1.453,6.5798,110.75
6/1/2016,1.1165,1.4395,6.5748,109.55
6/2/2016,1.1157,1.4419,6.5815,108.75
6/3/2016,1.133,1.4521,6.5638,106.88
6/6/2016,1.1354,1.445,6.5611,107.33
6/7/2016,1.135,1.4564,6.571,107.3
6/8/2016,1.14,1.4546,6.56,106.68
6/9/2016,1.1329,1.4467,6.559,106.54
6/10/2016,1.1281,1.4342,6.559,107.06
6/13/2016,1.1282,1.4223,6.5823,106.07
6/14/2016,1.1206,1.413,6.593,106.02
6/15/2016,1.1239,1.4185,6.5785,105.87
6/16/2016,1.1158,1.4075,6.5899,104.05
6/17/2016,1.1256,1.4285,6.5849,104.2
6/20/2016,1.1318,1.4688,6.5768,104.32
6/21/2016,1.1262,1.4668,6.5893,104.56
6/22/2016,1.1286,1.4682,6.575,104.56
6/23/2016,1.1373,1.48,6.574,105.9
6/24/2016,1.1126,1.3639,6.615,102.26
6/27/2016,1.1024,1.3217,6.6481,101.66
6/28/2016,1.1054,1.3294,6.645,102.71
6/29/2016,1.1117,1.351,6.635,102.68
6/30/2016,1.1032,1.3242,6.6459,102.77
7/1/2016,1.1145,1.3281,6.6547,102.55
7/5/2016,1.108,1.3021,6.677,101.58
7/6/2016,1.1077,1.2921,6.69,101.12
7/7/2016,1.1065,1.2926,6.679,100.74
7/8/2016,1.1038,1.2938,6.6878,100.65
7/11/2016,1.1045,1.2986,6.6917,102.66
7/12/2016,1.1074,1.3237,6.686,104.72
7/13/2016,1.1112,1.318,6.6832,104.1
7/14/2016,1.1109,1.3332,6.6801,105.4
7/15/2016,1.1059,1.3194,6.6865,105.64
7/18/2016,1.1076,1.3279,6.7013,106
7/19/2016,1.1014,1.3123,6.6931,106.13
7/20/2016,1.1007,1.3179,6.676,106.65
7/21/2016,1.1016,1.3216,6.6735,105.98
7/22/2016,1.0968,1.3091,6.676,106.22
7/25/2016,1.098,1.313,6.6783,106.02
7/26/2016,1.0984,1.3133,6.669,104.83
7/27/2016,1.0988,1.3094,6.668,105.65
7/28/2016,1.1094,1.3151,6.6538,104.86
7/29/2016,1.1168,1.327,6.6371,102.32
8/1/2016,1.1176,1.3209,6.6421,102.26
8/2/2016,1.1225,1.3326,6.6239,100.82
8/3/2016,1.117,1.3335,6.632,101.34
8/4/2016,1.1134,1.3143,6.6388,101.08
8/5/2016,1.108,1.3069,6.653,101.74
8/8/2016,1.1078,1.3042,6.6597,102.53
8/9/2016,1.111,1.301,6.653,101.96
8/10/2016,1.1171,1.2998,6.6345,101.27
8/11/2016,1.1168,1.296,6.6274,101.46
8/12/2016,1.1172,1.2934,6.6324,101.01
8/15/2016,1.1199,1.2874,6.637,101.02
8/16/2016,1.1277,1.3019,6.624,100.28
8/17/2016,1.1263,1.3012,6.6328,100.24
8/18/2016,1.1334,1.3147,6.6297,100.07
8/19/2016,1.1326,1.3061,6.6515,100.24
8/22/2016,1.1314,1.3133,6.6475,100.25
8/23/2016,1.1308,1.3179,6.6378,100.2
8/24/2016,1.1256,1.3236,6.6562,100.5
8/25/2016,1.1274,1.3177,6.656,100.58
8/26/2016,1.1237,1.3168,6.669,101.2
8/29/2016,1.1182,1.3089,6.6775,102.13
8/30/2016,1.115,1.3084,6.6778,102.92
8/31/2016,1.1146,1.3129,6.6776,103.38
9/1/2016,1.1194,1.3273,6.6713,103.22
9/2/2016,1.1158,1.3299,6.679,104.18
9/6/2016,1.1237,1.3429,6.6722,102.28
9/7/2016,1.1238,1.3339,6.66,101.72
9/8/2016,1.1256,1.3301,6.664,102.28
9/9/2016,1.1214,1.3257,6.6778,102.86
9/12/2016,1.123,1.3313,6.6788,101.96
9/13/2016,1.1242,1.3184,6.6782,102.14
9/14/2016,1.1271,1.3204,6.6707,102.33
9/15/2016,1.1246,1.3215,6.6707,102.24
9/16/2016,1.116,1.309,6.6707,102.36
9/19/2016,1.1179,1.3051,6.665,101.82
9/20/2016,1.1172,1.2974,6.67,101.66
9/21/2016,1.1165,1.2978,6.6695,100.62
9/22/2016,1.1229,1.3092,6.663,100.8
9/23/2016,1.1223,1.2959,6.669,101.04
9/26/2016,1.127,1.2978,6.6683,100.34
9/27/2016,1.1208,1.3005,6.6691,100.36
9/28/2016,1.12,1.2996,6.673,100.57
9/29/2016,1.1244,1.2991,6.665,101.48
9/30/2016,1.1238,1.3015,6.6685,101.21
10/3/2016,1.121,1.284,6.6685,101.54
10/4/2016,1.1212,1.2746,6.6685,102.66
10/5/2016,1.1196,1.2745,6.6685,103.53
10/6/2016,1.1158,1.2647,6.6685,104.02
10/7/2016,1.1156,1.2434,6.6685,103.42
10/11/2016,1.1062,1.2218,6.719,103.36
10/12/2016,1.1014,1.2195,6.718,104.48
10/13/2016,1.1038,1.2201,6.7248,103.62
10/14/2016,1.0985,1.2189,6.7277,104.1
10/17/2016,1.1,1.2186,6.735,103.96
10/18/2016,1.0997,1.231,6.7401,103.8
10/19/2016,1.0966,1.2279,6.737,103.3
10/20/2016,1.0934,1.2256,6.7439,103.92
10/21/2016,1.0866,1.221,6.7654,103.96
10/24/2016,1.0888,1.2204,6.7728,104.2
10/25/2016,1.089,1.2164,6.778,104.25
10/26/2016,1.0916,1.2234,6.7706,104.42
10/27/2016,1.0904,1.2173,6.7819,105.14
10/28/2016,1.0934,1.2155,6.776,105.4
10/31/2016,1.0962,1.2212,6.7735,105.07
11/1/2016,1.1042,1.2218,6.763,104.59
11/2/2016,1.1119,1.2315,6.7606,103.22
11/3/2016,1.1094,1.2454,6.7612,103.17
11/4/2016,1.1121,1.2546,6.7534,103.02
11/7/2016,1.1038,1.2403,6.774,104.6
11/8/2016,1.1034,1.2372,6.784,104.98
11/9/2016,1.0952,1.2474,6.7769,104.84
11/10/2016,1.0882,1.2523,6.7987,106.56
11/14/2016,1.0723,1.2469,6.8447,108.3
11/15/2016,1.0726,1.2422,6.8556,108.94
11/16/2016,1.0699,1.245,6.877,109.16
11/17/2016,1.0656,1.245,6.8674,109.64
11/18/2016,1.06,1.2327,6.8873,110.51
11/21/2016,1.0597,1.2474,6.8918,111.12
11/22/2016,1.0618,1.2424,6.888,110.98
11/23/2016,1.056,1.2458,6.9195,112.58
11/25/2016,1.0595,1.2462,6.9176,113.17
11/28/2016,1.0576,1.2411,6.9055,112.36
11/29/2016,1.0626,1.2505,6.8933,112.78
11/30/2016,1.0578,1.2481,6.8837,114.34
12/1/2016,1.0634,1.2596,6.883,114.34
12/2/2016,1.0666,1.2685,6.883,113.76
12/5/2016,1.0723,1.2708,6.8775,114.1
12/6/2016,1.0717,1.2706,6.879,113.98
12/7/2016,1.0758,1.2604,6.878,113.5
12/8/2016,1.0625,1.2574,6.8771,114.16
12/9/2016,1.0541,1.259,6.9042,115.17
12/12/2016,1.0606,1.2677,6.9045,115.34
12/13/2016,1.0635,1.2685,6.8984,115.26
12/14/2016,1.0656,1.2706,6.9025,115.06
12/15/2016,1.0375,1.2389,6.941,118.32
12/16/2016,1.0456,1.2478,6.958,117.74
12/19/2016,1.0444,1.2419,6.9506,116.6
12/20/2016,1.039,1.2358,6.947,117.86
12/21/2016,1.0425,1.2348,6.939,117.79
12/22/2016,1.0452,1.2301,6.9473,117.48
12/23/2016,1.0449,1.2252,6.9432,117.22
12/27/2016,1.0458,1.2261,6.9491,117.52
12/28/2016,1.0389,1.2222,6.9559,117.66
12/29/2016,1.0486,1.2237,6.9535,116.32
12/30/2016,1.0552,1.2337,6.943,116.78
1/3/2017,1.0416,1.2256,6.9575,117.68
1/4/2017,1.0476,1.2299,6.9322,117.38
1/5/2017,1.0598,1.2415,6.887,115.46
1/6/2017,1.056,1.2314,6.9176,116.85
1/9/2017,1.0576,1.2167,6.935,116.07
1/10/2017,1.0572,1.2165,6.918,115.74
1/11/2017,1.0501,1.2118,6.9365,116.26
1/12/2017,1.0666,1.2211,6.889,113.87
1/13/2017,1.0625,1.2198,6.8985,115.03
1/17/2017,1.0695,1.2388,6.852,112.96
1/18/2017,1.0682,1.2309,6.836,113.4
1/19/2017,1.063,1.2319,6.868,115.3
1/23/2017,1.074,1.2485,6.8514,112.9
1/24/2017,1.0749,1.2531,6.8555,113.63
1/25/2017,1.0743,1.262,6.8812,113.6
1/26/2017,1.067,1.2579,6.8768,114.7
1/27/2017,1.069,1.2531,6.8768,115.16
1/30/2017,1.0681,1.2478,6.8768,113.86
1/31/2017,1.0794,1.2585,6.8768,112.72
2/1/2017,1.0758,1.2643,6.8768,113.29
2/2/2017,1.0802,1.2541,6.8768,112.48
2/3/2017,1.0792,1.2504,6.865,112.42
2/6/2017,1.0731,1.245,6.86,112.32
2/7/2017,1.069,1.2486,6.8821,112.14
2/8/2017,1.0708,1.2543,6.87,111.74
2/9/2017,1.0658,1.2516,6.866,113.24
2/10/2017,1.065,1.2502,6.8775,113.22
2/13/2017,1.0603,1.251,6.8776,113.79
2/14/2017,1.0577,1.2465,6.8649,114.34
2/15/2017,1.0597,1.2465,6.8685,114.17
2/16/2017,1.066,1.2477,6.8517,113.36
2/17/2017,1.0614,1.2428,6.864,112.86
2/21/2017,1.0551,1.2465,6.881,113.48
2/22/2017,1.0555,1.2456,6.8765,113.46
2/23/2017,1.0586,1.2548,6.8622,112.68
2/24/2017,1.058,1.2499,6.8645,112.26
2/27/2017,1.0624,1.2473,6.8675,112.01
2/28/2017,1.0618,1.2427,6.8665,112.06
3/1/2017,1.0564,1.2318,6.8794,113.66
3/2/2017,1.0514,1.2267,6.8868,114.45
3/3/2017,1.0552,1.2249,6.8954,114.6
3/6/2017,1.0586,1.2243,6.8955,113.92
3/7/2017,1.0582,1.2209,6.9,113.99
3/8/2017,1.0547,1.2152,6.9113,114.58
3/9/2017,1.0586,1.2166,6.9086,114.71
3/10/2017,1.0667,1.2158,6.905,115.02
3/13/2017,1.067,1.2234,6.905,114.61
3/14/2017,1.0645,1.2168,6.913,114.63
3/15/2017,1.063,1.2222,6.9132,114.66
3/16/2017,1.0738,1.237,6.913,113.02
3/17/2017,1.0742,1.2372,6.9,112.67
3/20/2017,1.0754,1.2365,6.905,112.59
3/21/2017,1.081,1.2479,6.883,111.9
3/22/2017,1.08,1.2476,6.8785,111.06
3/23/2017,1.0787,1.2526,6.8843,111.12
3/24/2017,1.0806,1.2491,6.8803,111.03
3/27/2017,1.0882,1.2583,6.8687,110.48
3/28/2017,1.0852,1.2503,6.8779,110.56
3/29/2017,1.0756,1.2411,6.8879,111.05
3/30/2017,1.0726,1.2489,6.887,111.36
3/31/2017,1.0698,1.2537,6.8832,111.41
4/3/2017,1.0655,1.2479,6.8832,110.96
4/4/2017,1.0664,1.2437,6.8832,110.74
4/5/2017,1.0661,1.2488,6.892,111.2
4/6/2017,1.0651,1.2486,6.8955,111.02
4/7/2017,1.0616,1.2398,6.8978,110.76
4/10/2017,1.0606,1.2418,6.8988,110.95
4/11/2017,1.0614,1.2484,6.8893,109.74
4/12/2017,1.0611,1.25,6.889,109.54
4/13/2017,1.063,1.2522,6.8865,109.23
4/14/2017,1.0625,1.2531,6.8835,108.63
4/17/2017,1.066,1.2587,6.88,108.46
4/18/2017,1.0706,1.2769,6.8778,108.4
4/19/2017,1.0707,1.2789,6.886,109.06
4/20/2017,1.0758,1.283,6.88,109.34
4/21/2017,1.0694,1.2783,6.8845,109.08
4/24/2017,1.0846,1.2783,6.884,109.74
4/25/2017,1.0941,1.2836,6.8824,110.88
4/26/2017,1.0872,1.2838,6.8918,111.52
4/27/2017,1.0864,1.2889,6.8958,111.13
4/28/2017,1.0895,1.2938,6.89,111.44
5/1/2017,1.0912,1.2917,6.89,111.78
5/2/2017,1.091,1.2921,6.8949,112.06
5/3/2017,1.092,1.2916,6.8968,112.34
5/4/2017,1.0967,1.291,6.8959,112.7
5/5/2017,1.0996,1.295,6.9021,112.63
5/8/2017,1.0928,1.2942,6.904,112.84
5/9/2017,1.0875,1.2939,6.906,114.19
5/10/2017,1.0873,1.2939,6.9011,114.02
5/11/2017,1.0869,1.2885,6.9033,113.77
5/12/2017,1.0926,1.288,6.8972,113.3
5/15/2017,1.0979,1.2917,6.89,113.54
5/16/2017,1.1072,1.2912,6.884,113.24
5/17/2017,1.1134,1.2944,6.8773,111.46
5/18/2017,1.113,1.3009,6.888,110.82
5/19/2017,1.119,1.3018,6.883,111.47
5/22/2017,1.1236,1.3006,6.8828,111.15
5/23/2017,1.1198,1.2984,6.888,111.64
5/24/2017,1.1175,1.2935,6.8883,112.02
5/25/2017,1.1218,1.2954,6.8672,111.7
5/26/2017,1.117,1.2795,6.8525,111.3
5/30/2017,1.1183,1.2858,6.8525,110.68
5/31/2017,1.1236,1.2905,6.8098,110.71
6/1/2017,1.1214,1.2894,6.8029,111.24
6/2/2017,1.127,1.2885,6.8085,110.49
6/5/2017,1.125,1.2917,6.803,110.49
6/6/2017,1.1266,1.2901,6.7945,109.34
6/7/2017,1.1236,1.2941,6.7935,109.54
6/8/2017,1.1217,1.2939,6.799,110.1
6/9/2017,1.119,1.2737,6.797,110.61
6/12/2017,1.1204,1.2658,6.7974,109.72
6/13/2017,1.1194,1.2739,6.7981,110.12
6/14/2017,1.1277,1.2808,6.7888,109.16
6/15/2017,1.1152,1.2768,6.8061,110.66
6/16/2017,1.1194,1.2778,6.8097,110.84
6/19/2017,1.116,1.2743,6.818,111.34
6/20/2017,1.1124,1.2628,6.8285,111.46
6/21/2017,1.1143,1.2667,6.8275,111.58
6/22/2017,1.1148,1.2659,6.8275,111.36
6/23/2017,1.1196,1.2727,6.8345,111.26
6/26/2017,1.1196,1.2732,6.8382,111.48
6/27/2017,1.13,1.2791,6.81,112.42
6/28/2017,1.1364,1.2936,6.7984,112.18
6/29/2017,1.142,1.2984,6.784,112.32
6/30/2017,1.1411,1.2995,6.7793,112.4
7/3/2017,1.1367,1.2951,6.7984,113.32
7/5/2017,1.1336,1.2934,6.7995,113.2
7/6/2017,1.1409,1.2967,6.799,113.28
7/7/2017,1.1396,1.288,6.8039,114.1
7/10/2017,1.1396,1.2884,6.8026,114.08
7/11/2017,1.143,1.2851,6.801,114.2
7/12/2017,1.1411,1.2889,6.7865,113.19
7/13/2017,1.1385,1.2921,6.7825,113.39
7/14/2017,1.1452,1.3079,6.7741,112.66
7/17/2017,1.147,1.3058,6.769,112.76
7/18/2017,1.1578,1.3026,6.7451,111.89
7/19/2017,1.1518,1.3036,6.7511,111.77
7/20/2017,1.1634,1.2976,6.757,111.68
7/21/2017,1.1655,1.2968,6.7663,111.18
7/24/2017,1.1642,1.3028,6.7488,111.1
7/25/2017,1.1656,1.3046,6.7495,111.57
7/26/2017,1.1632,1.3048,6.753,112.1
7/27/2017,1.1656,1.3065,6.741,111.62
7/28/2017,1.1754,1.3124,6.7362,110.87
7/31/2017,1.1826,1.3196,6.724,110.38
8/1/2017,1.1799,1.3206,6.717,110.33
8/2/2017,1.1861,1.3236,6.72,110.43
8/3/2017,1.188,1.3144,6.715,110.12
8/4/2017,1.1754,1.3036,6.7272,110.76
8/7/2017,1.1788,1.3021,6.7207,110.76
8/8/2017,1.1724,1.2968,6.7049,110.74
8/9/2017,1.1748,1.2997,6.672,110.04
8/10/2017,1.1751,1.2978,6.646,109.37
8/11/2017,1.1811,1.2988,6.6612,109.06
8/14/2017,1.1786,1.2975,6.6695,109.48
8/15/2017,1.1736,1.2862,6.6845,110.42
8/16/2017,1.1703,1.286,6.69,110.8
8/17/2017,1.1736,1.2888,6.673,109.88
8/18/2017,1.1748,1.2847,6.67,109.32
8/21/2017,1.1814,1.2903,6.663,108.89
8/22/2017,1.1762,1.2834,6.66,109.4
8/23/2017,1.1802,1.2787,6.6569,109.14
8/24/2017,1.1801,1.2802,6.66,109.34
8/25/2017,1.1874,1.2873,6.6465,109.24
8/28/2017,1.1973,1.2927,6.6084,109.22
8/29/2017,1.2025,1.2937,6.5945,109.02
8/30/2017,1.1927,1.2934,6.5918,110.2
8/31/2017,1.1894,1.2888,6.5888,110.06
9/1/2017,1.1878,1.2972,6.5552,110.09
9/5/2017,1.1911,1.3013,6.5345,108.94
9/6/2017,1.1943,1.3073,6.5221,108.75
9/7/2017,1.2028,1.3094,6.483,108.26
9/8/2017,1.2041,1.3211,6.4773,107.72
9/11/2017,1.1964,1.3173,6.5254,109.03
9/12/2017,1.1968,1.328,6.5334,110.01
9/13/2017,1.1898,1.3218,6.54,110.58
9/14/2017,1.1886,1.3398,6.552,110.66
9/15/2017,1.1959,1.3578,6.55,110.84
9/18/2017,1.1938,1.3485,6.5725,111.48
9/19/2017,1.198,1.3517,6.58,111.49
9/20/2017,1.1998,1.3564,6.57,111.5
9/21/2017,1.1946,1.3576,6.5861,112.3
9/22/2017,1.1969,1.3531,6.5899,112.01
9/25/2017,1.1852,1.3457,6.6189,111.64
9/26/2017,1.1772,1.3422,6.6371,112.16
9/27/2017,1.1747,1.3401,6.64,112.76
9/28/2017,1.1776,1.3435,6.6591,112.66
9/29/2017,1.1813,1.3402,6.6533,112.64
10/2/2017,1.1745,1.3268,6.6533,112.6
10/3/2017,1.1759,1.3251,6.6533,112.8
10/4/2017,1.176,1.3268,6.6533,112.84
10/5/2017,1.1706,1.3132,6.6533,112.74
10/6/2017,1.1732,1.3063,6.6533,112.68
10/10/2017,1.1804,1.3215,6.5712,112.15
10/11/2017,1.1847,1.321,6.587,112.35
10/12/2017,1.184,1.3174,6.5855,112.38
10/13/2017,1.1837,1.3304,6.5785,111.94
10/16/2017,1.181,1.3285,6.5885,111.72
10/17/2017,1.1754,1.3182,6.622,112.32
10/18/2017,1.1775,1.3183,6.625,112.94
10/19/2017,1.1842,1.3181,6.6126,112.54
10/20/2017,1.177,1.3179,6.6185,113.5
10/23/2017,1.1762,1.3201,6.638,113.66
10/24/2017,1.1766,1.3124,6.6335,113.92
10/25/2017,1.1802,1.3252,6.635,113.7
10/26/2017,1.17,1.3181,6.6392,113.72
10/27/2017,1.158,1.3108,6.6498,113.82
10/30/2017,1.1626,1.3195,6.6498,113.26
10/31/2017,1.1648,1.3281,6.6328,113.63
11/1/2017,1.1618,1.3257,6.6018,114.04
11/2/2017,1.1672,1.3068,6.6068,113.84
11/3/2017,1.1616,1.3067,6.636,114.25
11/6/2017,1.16,1.3145,6.6311,113.9
11/7/2017,1.1577,1.3152,6.638,113.9
11/8/2017,1.1591,1.3108,6.6249,113.62
11/9/2017,1.1648,1.3133,6.6378,113.4
11/13/2017,1.1656,1.3101,6.6385,113.62
11/14/2017,1.1764,1.3128,6.635,113.5
11/15/2017,1.1794,1.3165,6.62,113.15
11/16/2017,1.1772,1.3197,6.6273,112.89
11/17/2017,1.1799,1.3222,6.6245,111.98
11/20/2017,1.1741,1.3241,6.6245,112.49
11/21/2017,1.1741,1.3232,6.6265,112.46
11/22/2017,1.1789,1.3291,6.6086,111.62
11/24/2017,1.1936,1.3336,6.5998,111.54
11/27/2017,1.1911,1.3333,6.5967,111
11/28/2017,1.1878,1.3231,6.6044,111.13
11/29/2017,1.1858,1.3436,6.6091,111.75
11/30/2017,1.1898,1.3506,6.609,112.3
12/1/2017,1.191,1.3505,6.6137,111.88
12/4/2017,1.1848,1.3465,6.6185,112.8
12/5/2017,1.182,1.345,6.617,112.76
12/6/2017,1.1788,1.3382,6.6136,112.32
12/7/2017,1.179,1.3432,6.6173,112.7
12/8/2017,1.1761,1.3367,6.6199,113.55
12/11/2017,1.1802,1.3363,6.6175,113.34
12/12/2017,1.1725,1.3323,6.621,113.62
12/13/2017,1.1762,1.3365,6.6171,113.19
12/14/2017,1.1778,1.344,6.6091,112.56
12/15/2017,1.1778,1.3316,6.6088,112.68
12/18/2017,1.1804,1.3398,6.6088,112.4
12/19/2017,1.1822,1.3356,6.6088,112.98
12/20/2017,1.1881,1.3408,6.5771,113.29
12/21/2017,1.1872,1.3372,6.5833,113.42
12/22/2017,1.1839,1.3379,6.575,113.3
12/26/2017,1.1867,1.3369,6.5429,113.2
12/27/2017,1.1902,1.3403,6.556,113.28
12/28/2017,1.1952,1.345,6.5322,112.85
12/29/2017,1.2022,1.3529,6.5063,112.69
1/2/2018,1.205,1.3596,6.491,112.18
1/3/2018,1.203,1.3522,6.501,112.28
1/4/2018,1.2064,1.3539,6.4915,112.78
1/5/2018,1.2039,1.3562,6.4875,113.18
1/8/2018,1.1973,1.3566,6.497,113.08
1/9/2018,1.1922,1.3518,6.5263,112.57
1/10/2018,1.1958,1.3513,6.5055,111.48
1/11/2018,1.2035,1.3543,6.4956,111.35
1/12/2018,1.213,1.3689,6.4607,111.23
1/16/2018,1.2244,1.3774,6.4395,110.74
1/17/2018,1.2229,1.3824,6.433,110.81
1/18/2018,1.2238,1.3889,6.4175,110.88
1/19/2018,1.2238,1.3857,6.399,110.56
1/22/2018,1.223,1.3944,6.4035,111.15
1/23/2018,1.2277,1.3968,6.4,110.46
1/24/2018,1.239,1.4198,6.365,109.15
1/25/2018,1.2488,1.4264,6.3189,108.7
1/26/2018,1.2422,1.4179,6.3199,108.38
